{"cameraMode":{"drawMode":0,"name":"Shaded","section":"Shading Mode"},"sceneLighting":false,"audioPlay":false,"sceneViewState":{"m_AlwaysRefresh":false,"showFog":false,"showSkybox":false,"showFlares":false,"showImageEffects":false,"showParticleSystems":false,"showVisualEffectGraphs":true,"m_FxEnabled":true},"in2DMode":false,"pivot":{"x":0.06537832319736481,"y":0.852440357208252,"z":0.04219946265220642},"rotation":{"x":-0.012830618768930436,"y":-0.9852511882781982,"z":0.14770716428756715,"w":-0.08564503490924835},"size":0.6718687415122986,"orthographic":false}