{"cameraMode":{"drawMode":0,"name":"Shaded","section":"Shading Mode"},"sceneLighting":true,"audioPlay":false,"sceneViewState":{"m_AlwaysRefresh":false,"showFog":true,"showSkybox":true,"showFlares":true,"showImageEffects":true,"showParticleSystems":true,"showVisualEffectGraphs":true,"m_FxEnabled":true},"in2DMode":false,"pivot":{"x":0.08178015053272248,"y":0.5648197531700134,"z":0.049536995589733127},"rotation":{"x":-0.0011124041629955173,"y":-0.9972264170646668,"z":-0.07311853021383286,"w":0.015250862576067448},"size":0.6477893590927124,"orthographic":false}